Index,Average infiltration rate,High Low Inf,High Med Low Inf,Area,Contributing area,Drainage Area Ratio,Age,Ponding depth,Inlet condition,Outlet condition,Underdrain,% Residential,% Commercial,% Industrial,% Institutional,% Vegetation_shrub,% Vegetation_tree,% Vegetation_grass,% Vegetation_prairie,% Vegetation_bare,% Vegetation_other,Underlying soil_% sand,Underlying soil_% silt,Underlying soil_% clay,Underlying soil_% urban/disturbed,Underlying soil_% other/undefined,Underlying soil_% organic matter,Evidence of poor infiltration,% of surface with poor infiltration,Vegetation condition,Inlet feature_Curb Cut,Inlet feature_Other,Inlet feature_Overland Flow,Inlet feature_Pipe,Outlet feature_Other,Outlet feature_Overland Flow,Outlet feature_Pipe,Outlet feature_Riser Pipe,Area_PC,LandUse_PC_1,LandUse_PC_2,Veg_PC_1,Veg_PC_2,Soil_PC_1,Soil_PC_2,PoorInf_PC,Inlet_PC_1,Inlet_PC_2,Outlet_PC_1,Outlet_PC_2
IL_2022_01,4.21581834,0,1,5700,43560,8,7,4,3,3,0,30,0,0,70,40,10,0,30,20,0,89,6,3,2,0,0.26,0,0,2,1,0,0,0,0,0,1,0,-0.277744225,0.548591592,0.554758606,-0.43839896,-1.673372258,-0.846560537,-1.909577908,-0.453104679,-1.32654488,1.153340056,-1.020138766,2.727830518
IL_2022_02,12.40651062,1,2,700,39204,56,7,4,3,3,0,0,0,0,100,20,20,0,40,20,0,89,6,3,2,0,0.26,0,0,2,1,0,0,0,0,0,1,0,-0.472066156,1.462957592,0.12080264,-0.119727202,-1.408339051,-0.846560537,-1.909577908,-0.453104679,-1.32654488,1.153340056,-1.020138766,2.727830518
IL_2022_03,7.618095,0,2,1000,8712,9,5,3,3,3,0,100,0,0,0,90,0,0,0,10,0,4,38,20,38,0,0.5,0,0,2,1,0,0,0,0,0,1,0,-0.49763044,-1.584929077,1.567322529,-1.741128033,-2.457267034,0.778346161,1.013715308,-0.453104679,-1.32654488,1.153340056,-1.020138766,2.727830518
IL_2022_04,3.78018934,0,1,1000,4356,4,5,4,3,3,0,100,0,0,0,90,0,0,0,10,0,4,38,20,38,0,0.5,0,0,2,1,0,0,0,0,0,1,0,-0.502794274,-1.584929077,1.567322529,-1.741128033,-2.457267034,0.778346161,1.013715308,-0.453104679,-1.32654488,1.153340056,-1.020138766,2.727830518
IL_2022_06,9.9531297,0,2,1000,4356,4,1,4,3,3,1,0,0,0,100,10,10,0,30,0,50,2,22,11,65,0,0.32,0,0,2,0,0,1,0,0,0,1,0,-0.502794274,1.462957592,0.12080264,-0.124866819,-0.214999954,-0.422835772,1.274659782,-0.453104679,1.503979743,0.32513045,-1.020138766,2.727830518
IL_2022_07,30.684978,1,3,4200,34848,8,4,4,3,3,0,0,0,0,100,50,10,0,40,0,0,9,57,33,1,0,0.35,0,0,3,1,0,0,0,0,0,1,0,-0.34533235,1.462957592,0.12080264,-0.573190467,-1.280479672,2.353438297,0.590847953,-0.453104679,-1.32654488,1.153340056,-1.020138766,2.727830518
IL_2022_08,6.2539245,0,1,5500,43560,8,3,6,3,3,0,0,0,0,100,0,0,0,50,20,30,35,34,28,2,1,1.31,0,0,2,1,0,0,0,0,0,0,1,-0.285494891,1.462957592,0.12080264,0.831916121,-0.269074313,1.293493748,-0.178246036,-0.453104679,-1.32654488,1.153340056,1.132348543,-0.169598565
IL_2023_01,8.90147826,0,2,3400,11000,3,4,8.5,3,3,1,0,0,0,100,25,25,0,20,5,25,10,41,46,1,2,2.05,0,0,3,0,0,1,0,0,0,0,1,-0.402660215,1.462957592,0.12080264,-0.845650848,-1.235251797,2.376850923,0.652855698,-0.453104679,1.503979743,0.32513045,1.132348543,-0.169598565
IL_2023_02,10.66108104,1,2,1200,15000,13,2,5,2,3,0,0,0,0,100,0,5,0,90,0,5,9,57,33,1,0,0.35,1,20,3,0,0,0,1,0,0,0,1,-0.482705431,1.462957592,0.12080264,1.365627918,0.295841307,2.353438297,0.590847953,2.760098567,-0.603700978,-1.858377407,1.132348543,-0.169598565
IL_2023_03,14.75004924,1,3,1600,34000,21,25,6,2,3,0,10,0,0,90,0,7,0,90,3,0,89,6,3,2,0,0.26,0,0,3,1,0,0,0,0,0,0,1,-0.445881237,1.158168925,0.265454629,1.349748937,0.140447617,-0.846560537,-1.909577908,-0.453104679,-1.32654488,1.153340056,1.132348543,-0.169598565
IN_2022_01,14.30288478,1,3,8200,39204,5,9,6,3,2,1,100,0,0,0,20,10,40,30,0,0,22,45,33,0,0,0.75,0,0,3,0,0,0,1,0,0,0,1,-0.18585082,-1.584929077,1.567322529,-0.931319503,0.332661314,1.937012688,0.202132401,-0.453104679,-0.603700978,-1.858377407,1.132348543,-0.169598565
IN_2022_02,4.05211788,0,1,3678,24394,7,5,8,3,3,1,0,0,0,100,0,0,0,70,10,20,92,4,4,0,0,0.27,0,0,3,1,0,0,0,0,0,0,1,-0.376997862,1.462957592,0.12080264,1.15151965,0.086236125,-0.854442219,-2.010934821,-0.453104679,-1.32654488,1.153340056,1.132348543,-0.169598565
IN_2022_03,17.5497523,1,3,27300,26136,1,4,0,3,3,0,0,0,0,100,0,0,0,90,10,0,15,50,35,0,0,5,0,0,3,0,0,0,1,0,1,0,0,0.539802815,1.462957592,0.12080264,1.558853591,0.117841269,2.192637373,0.444570318,-0.453104679,-0.603700978,-1.858377407,-1.758410702,-0.98358954
IN_2022_04,4.95495072,0,1,4432,43560,10,5,18,2,3,1,0,40,0,60,0,0,0,90,0,10,36,28,16,20,0,0.4,0,0,3,0,0,0,1,0,0,0,1,-0.326709542,0.391381469,-0.830988528,1.471123179,0.441546562,0.386453152,-0.115496216,-0.453104679,-0.603700978,-1.858377407,1.132348543,-0.169598565
IN_2022_05,17.610201,1,3,440,26136,59,7,6,1,3,1,10,90,0,0,0,10,20,70,0,0,48,1,1,50,0,0.13,0,0,3,1,0,0,0,0,0,0,1,-0.49606835,-1.252877353,-1.876075499,0.531071202,0.527521828,-1.505470445,-0.270295946,-0.453104679,-1.32654488,1.153340056,1.132348543,-0.169598565
IN_2023_01,14.78298119,1,3,215,3000,14,5,4,3,3,0,0,0,0,100,5,5,0,70,0,20,0,0,0,100,0,0,0,0,3,0,0,1,0,0,1,0,0,-0.533818232,1.462957592,0.12080264,0.87679515,0.129075876,-1.993101538,1.59851492,-0.453104679,1.503979743,0.32513045,-1.758410702,-0.98358954
IN_2023_02,11.05904867,1,2,1600,23000,14,10,6,3,2,1,0,0,0,100,0,0,0,100,0,0,42,34,24,0,0,1.3,0,0,3,0,0,0,1,0,0,0,1,-0.458431995,1.462957592,0.12080264,1.67479015,0.457349135,1.129273464,-0.429724838,-0.453104679,-0.603700978,-1.858377407,1.132348543,-0.169598565
IN_2023_03,18.35958005,1,3,2000,43000,22,11,6,3,3,0,0,0,0,100,0,1,0,98,0,1,16,44,40,0,0,1.94,0,0,3,0,0,1,0,0,0,0,1,-0.420522158,1.462957592,0.12080264,1.612957703,0.425047569,2.223020535,0.422849328,-0.453104679,1.503979743,0.32513045,1.132348543,-0.169598565
IN_2023_05,5.99597226,0,1,22275,65000,3,6,36,3,2,0,0,0,0,100,0,25,0,75,0,0,46,33,21,0,0,0.78,0,0,3,0,0,1,0,1,0,0,0,0.387433683,1.462957592,0.12080264,0.638146419,-0.310683572,0.956341415,-0.566344709,-0.453104679,1.503979743,0.32513045,-0.932872823,1.481934936
IN_2023_06,1.8283428,0,1,6460,27900,4,14,18,3,3,0,0,0,0,100,25,10,0,60,0,5,17,45,38,0,0,2.3,0,0,3,0,0,1,0,0,1,0,0,-0.265640688,1.462957592,0.12080264,0.24163761,-0.573073096,2.16425503,0.385085359,-0.453104679,1.503979743,0.32513045,-1.758410702,-0.98358954
IN_2023_07,10.38687198,1,2,4500,17000,4,3,12,3,3,0,0,0,0,100,0,5,0,80,5,10,100,0,0,0,0,0,0,0,3,0,0,1,0,1,0,0,0,-0.353430734,1.462957592,0.12080264,1.205826154,0.118186088,-1.18043519,-2.268820011,-0.453104679,1.503979743,0.32513045,-0.932872823,1.481934936
IN_2023_08,3.890813399,0,1,1000,4000,4,3,8,3,3,0,0,0,0,100,5,5,0,90,0,0,100,0,0,0,0,0,0,0,3,0,0,1,0,0,1,0,0,-0.503180763,1.462957592,0.12080264,1.284129091,0.160681021,-1.18043519,-2.268820011,-0.453104679,1.503979743,0.32513045,-1.758410702,-0.98358954
IN_2023_09,6.404199475,0,1,3600,30000,8,4,12,3,3,0,0,0,0,100,30,10,0,50,5,5,0,0,0,100,0,0,0,0,3,0,0,1,0,0,1,0,0,-0.37384755,1.462957592,0.12080264,0.000337018,-0.885888601,-1.993101538,1.59851492,-0.453104679,1.503979743,0.32513045,-1.758410702,-0.98358954
IN_2023_10,12.59840323,1,2,1800,10800,6,4,12,3,2,0,0,0,0,100,5,0,0,90,0,5,0,0,0,100,0,0,0,0,3,0,0,1,0,1,0,0,0,-0.464621813,1.462957592,0.12080264,1.389624352,0.306386276,-1.993101538,1.59851492,-0.453104679,1.503979743,0.32513045,-0.932872823,1.481934936
IN_2023_11,9.013108332,0,2,280,2600,9,11,15,3,3,0,0,0,0,100,0,0,0,85,15,0,19,45,36,0,0,0.84,0,0,3,0,0,1,0,0,1,0,0,-0.532168293,1.462957592,0.12080264,1.500885311,-0.051912664,2.076050451,0.306725717,-0.453104679,1.503979743,0.32513045,-1.758410702,-0.98358954
IN_2023_12,9.339211589,0,2,1000,15700,16,11,6,3,3,0,0,0,0,100,0,0,0,75,0,25,16,44,40,0,0,1.94,0,0,3,0,0,1,0,0,0,0,1,-0.489435284,1.462957592,0.12080264,1.165622724,0.417842704,2.223020535,0.422849328,-0.453104679,1.503979743,0.32513045,1.132348543,-0.169598565
IN_2023_13,2.283180749,0,1,4360,52000,12,3,3,3,3,0,0,0,0,100,0,10,0,25,0,65,0,0,0,100,0,0,1,2,3,0,0,0,1,0,0,0,1,-0.320163042,1.462957592,0.12080264,-0.06370265,0.047419332,-1.993101538,1.59851492,1.681865811,-0.603700978,-1.858377407,1.132348543,-0.169598565
IN_2023_14,20.5511811,1,3,1750,80000,46,11,3,3,3,1,100,0,0,0,0,0,0,75,0,25,41,32,27,0,0,1.54,0,0,3,0,0,0,1,0,0,0,1,-0.387954781,-1.584929077,1.567322529,1.165622724,0.417842704,1.197285416,-0.382958154,-0.453104679,-0.603700978,-1.858377407,1.132348543,-0.169598565
IN_2023_15,4.446192525,0,1,835,6500,8,11,2,3,2,0,0,0,0,100,10,0,0,70,10,10,50,27,23,0,0,0.51,0,0,3,0,0,0,1,0,0,0,1,-0.506513138,1.462957592,0.12080264,0.988521995,-0.184084448,0.838455871,-0.674904295,-0.453104679,-0.603700978,-1.858377407,1.132348543,-0.169598565
IN_2023_16,33.07082362,1,3,450,15000,33,11,8,3,2,0,0,0,0,100,0,0,0,50,0,50,19,45,36,0,0,0.84,0,0,3,0,0,1,0,0,0,0,1,-0.510031349,1.462957592,0.12080264,0.656455298,0.378336273,2.076050451,0.306725717,-0.453104679,1.503979743,0.32513045,1.132348543,-0.169598565
IN_2023_17,17.8302978,1,3,791,23500,30,14,6,3,3,1,0,0,0,100,0,0,0,80,0,20,23,40,37,0,0,0.9,0,0,3,0,0,1,0,0,0,0,1,-0.487849354,1.462957592,0.12080264,1.267456209,0.42574399,1.945937635,0.19489671,-0.453104679,1.503979743,0.32513045,1.132348543,-0.169598565
IN_2023_18,1.299212598,0,1,320,12700,40,14,6,3,3,0,0,0,0,100,0,0,0,100,0,0,23,40,37,0,0,0.9,0,0,3,0,0,0,1,0,0,0,1,-0.516957584,1.462957592,0.12080264,1.67479015,0.457349135,1.945937635,0.19489671,-0.453104679,-0.603700978,-1.858377407,1.132348543,-0.169598565
MI_2022_01,1.673287992,0,1,407,215535,530,2,4,3,3,0,5,0,0,95,0,0,0,80,0,20,36,33,31,0,0,0.25,0,0,3,0,0,1,0,0,1,0,0,-0.250772051,1.310563259,0.193128634,1.267456209,0.42574399,1.422460932,-0.222817137,-0.453104679,1.503979743,0.32513045,-1.758410702,-0.98358954
MI_2022_02,13.10099742,1,2,1200,210525,175,2,8,3,3,0,100,0,0,0,5,0,0,75,20,0,97,2,1,0,0,0.48,0,0,3,0,0,1,0,0,0,0,1,-0.256348412,-1.584929077,1.567322529,1.259584719,-0.364728169,-1.064986571,-2.172430042,-0.453104679,1.503979743,0.32513045,1.132348543,-0.169598565
MI_2022_03,5.06195838,0,1,400,828,2,2,3,3,3,1,0,100,0,0,30,0,0,20,0,50,30,6,4,60,0,4.46,0,0,3,1,0,0,0,0,0,0,1,-0.530050332,-1.215982716,-2.25867528,-0.443538577,-0.480033161,-1.284926733,0.394048143,-0.453104679,-1.32654488,1.153340056,1.132348543,-0.169598565
MI_2022_04,6.00376752,0,1,62,1291990,20839,18,36,3,3,0,0,100,0,0,0,0,100,0,0,0,95,3,2,0,0,0.11,1,25,3,0,0,0,1,0,0,0,1,2.670453867,-1.215982716,-2.25867528,-1.970517126,2.344278014,-0.982086058,-2.110655859,3.059607666,-0.603700978,-1.858377407,1.132348543,-0.169598565
MI_2022_05,5.6444769,0,1,650,18731,29,10,14,3,3,0,50,0,0,50,0,0,0,80,20,0,94,1,5,0,0,0.25,0,0,3,0,0,1,0,0,1,0,0,-0.498577962,-0.060985742,0.844062584,1.442917032,-0.221666596,-0.913753587,-2.064505658,-0.453104679,1.503979743,0.32513045,-1.758410702,-0.98358954
MI_2022_06,1.69653204,0,1,434,22651,52,1,8,3,3,0,100,0,0,0,0,0,0,80,20,0,33,3,4,60,0,0.1,0,0,3,1,0,0,0,0,1,0,0,-0.500693017,-1.584929077,1.567322529,1.442917032,-0.221666596,-1.376769661,0.279042438,-0.453104679,-1.32654488,1.153340056,-1.758410702,-0.98358954
MI_2022_07,9.57470526,0,2,120,12023,100,14,4,2,2,0,100,0,0,0,0,0,100,0,0,0,96,3,1,0,0,0.09,0,0,3,1,0,0,0,0,1,0,0,-0.52022599,-1.584929077,1.567322529,-1.970517126,2.344278014,-1.028464031,-2.145458649,-0.453104679,-1.32654488,1.153340056,-1.758410702,-0.98358954
MI_2022_08,50,1,3,3500,87120,25,11,3,1,3,0,0,100,0,0,0,0,0,90,5,5,5,1,0,0,94,0.01,0,0,3,1,0,0,0,0,0,0,1,-0.314232702,-1.215982716,-2.25867528,1.514988385,0.279693916,-1.639883265,1.08375056,-0.453104679,-1.32654488,1.153340056,1.132348543,-0.169598565
MI_2022_09,8.35439274,0,2,135,3659,27,2,6,3,3,0,100,0,0,0,0,10,0,80,10,0,99,1,0,0,0,0.09,0,0,3,1,0,0,0,0,1,0,0,-0.535072657,-1.584929077,1.567322529,1.144196098,-0.189371813,-1.145451141,-2.238889498,-0.453104679,-1.32654488,1.153340056,-1.758410702,-0.98358954
MI_2022_10,6.3141606,0,1,21000,4530240,216,15,3,1,3,0,100,0,0,0,10,30,0,50,10,0,30,3,2,65,0,0.01,1,10,3,0,0,0,1,0,1,0,0,5.20420364,-1.584929077,1.567322529,-0.051783511,-1.089921124,-1.509998665,0.402495363,2.161080369,-0.603700978,-1.858377407,-1.758410702,-0.98358954
MI_2022_11,0.894470652,0,1,1400,174240,124,9,3,2,3,0,0,100,0,0,0,0,0,100,0,0,0,0,0,0,100,0,0,0,3,1,0,0,0,0,1,0,0,-0.29242498,-1.215982716,-2.25867528,1.67479015,0.457349135,-1.706699594,1.266428122,-0.453104679,-1.32654488,1.153340056,-1.758410702,-0.98358954
MI_2022_12,3.82392936,0,1,686,28314,41,1,36,3,3,0,0,0,0,100,0,5,0,90,5,0,97,3,0,0,0,0.28,0,0,3,0,0,1,0,0,1,0,0,-0.485735672,1.462957592,0.12080264,1.409493124,0.133988661,-1.075515094,-2.178966824,-0.453104679,1.503979743,0.32513045,-1.758410702,-0.98358954
MI_2022_13,2.2960584,0,1,118500,1742400,15,24,12,3,3,0,80,0,0,20,10,5,0,85,0,0,50,4,1,45,0,0.41,1,10,3,0,0,0,1,0,0,1,0,5.938575091,-0.975351743,1.278018551,1.100796779,0.017619449,-1.359917031,-0.373809506,2.161080369,-0.603700978,-1.858377407,-1.020138766,2.727830518
MI_2022_14,3.22015104,0,1,3700,110033,30,1,10,3,3,0,0,100,0,0,0,0,0,90,0,10,65,20,15,0,0,0.5,1,20,3,1,0,0,0,0,0,0,1,-0.281171913,-1.215982716,-2.25867528,1.471123179,0.441546562,0.220043694,-1.158031636,2.760098567,-1.32654488,1.153340056,1.132348543,-0.169598565
MI_2022_15,26.539317,1,3,1200,89995,75,4,8,3,3,0,20,80,0,0,0,5,0,85,10,0,93,2,5,0,0,0.28,0,0,3,1,0,0,0,0,0,0,1,-0.395896439,-1.289771989,-1.493475718,1.351524845,-0.035765272,-0.878577226,-2.034945035,-0.453104679,-1.32654488,1.153340056,1.132348543,-0.169598565
MI_2022_16,2.88637218,0,1,9500,900124,95,12,12,2,3,0,0,0,0,100,10,10,0,70,10,0,96,3,1,0,0,0.07,0,0,3,0,0,0,1,0,0,0,1,0.807006665,1.462957592,0.12080264,0.777531474,-0.475494958,-1.028399927,-2.145581946,-0.453104679,-0.603700978,-1.858377407,1.132348543,-0.169598565
MI_2022_17,0.025,0,1,5760,92347,16,7,18,2,2,0,0,100,0,0,5,0,0,95,0,0,95,4,1,0,0,0.2,1,50,3,1,0,0,0,0,1,0,0,-0.221758098,-1.215982716,-2.25867528,1.491457837,0.314287562,-0.993544085,-2.11540484,4.557153161,-1.32654488,1.153340056,-1.758410702,-0.98358954
MI_2022_18,23.365,1,3,365,52490,144,10,12,2,3,0,50,50,0,0,0,0,0,95,5,0,94,1,5,0,0,0.25,0,0,3,1,0,0,0,0,0,0,1,-0.462972707,-1.400455897,-0.345676375,1.61682187,0.287595202,-0.913753587,-2.064505658,-0.453104679,-1.32654488,1.153340056,1.132348543,-0.169598565
MI_2022_19,13.1335,1,2,7200,370696,51,19,36,3,3,0,0,0,0,100,10,10,0,50,30,0,93,2,5,0,0,0.25,0,0,3,1,0,0,0,0,0,0,1,0.139277902,1.462957592,0.12080264,0.545658356,-1.154510689,-0.878481071,-2.03512998,-0.453104679,-1.32654488,1.153340056,1.132348543,-0.169598565
MI_2022_20,9.8655,0,2,1493,22216,15,9,6,1,1,1,10,0,80,10,0,0,0,90,10,0,98,1,1,0,0,0.18,0,0,3,1,0,0,0,0,0,0,1,-0.463342792,-0.633840462,-0.401249846,1.558853591,0.117841269,-1.099297531,-2.20365517,-0.453104679,-1.32654488,1.153340056,1.132348543,-0.169598565
MI_2023_01,7.644334448,0,2,8959,90627,10,10,14,3,3,1,75,0,0,25,0,0,60,40,0,0,84,9,7,0,0,0.5,0,0,3,0,0,1,0,0,0,0,1,-0.10017522,-0.82295741,1.205692557,-0.512394216,1.589506462,-0.5394906,-1.75860004,-0.453104679,1.503979743,0.32513045,1.132348543,-0.169598565
MI_2023_02,7.859693511,0,2,58148,463954,8,22,22,2,3,0,0,20,80,0,0,0,95,0,5,0,95,3,2,0,0,0.1,0,0,2,0,0,0,1,0,0,0,1,2.211188593,-0.864839857,-1.021797419,-1.846220042,2.080177637,-0.982054006,-2.110717508,-0.453104679,-0.603700978,-1.858377407,1.132348543,-0.169598565
MI_2023_03,5.850763246,0,1,69792,5016073,72,22,10,2,3,0,80,0,0,20,0,0,10,85,5,0,95,3,2,0,0,0.1,0,0,1,0,0,0,1,0,0,0,1,7.609976327,-0.975351743,1.278018551,1.252291143,0.47628809,-0.982054006,-2.110717508,-0.453104679,-0.603700978,-1.858377407,1.132348543,-0.169598565
MI_2023_04,8.774611245,0,2,8163,79110,10,23,6,2,3,0,40,0,60,0,0,0,100,0,0,0,95,3,2,0,0,0.1,0,0,2,0,0,0,1,0,0,0,1,-0.14352623,-1.100204116,0.199382239,-1.970517126,2.344278014,-0.982054006,-2.110717508,-0.453104679,-0.603700978,-1.858377407,1.132348543,-0.169598565
MI_2023_05,3.197753995,0,1,89760,3049200,34,16,84,2,3,0,67,33,0,0,45,5,0,45,5,0,44,37,19,0,0,0.2,1,5,3,0,0,0,1,0,0,0,1,6.245175516,-1.463176778,0.304743252,-0.240497688,-1.153565491,1.006406337,-0.521776587,1.86157127,-0.603700978,-1.858377407,1.132348543,-0.169598565
MI_2023_06,6.816791333,0,2,73436,165964,2,13,22,2,3,0,0,0,0,100,0,5,0,85,5,5,13,43,44,0,0,0.3,0,0,3,0,0,1,0,0,0,0,1,2.479616871,1.462957592,0.12080264,1.307659639,0.126087375,2.378772834,0.522081298,-0.453104679,1.503979743,0.32513045,1.132348543,-0.169598565
MI_2023_07,27.64240955,1,3,208,1500,7,14,27,2,2,0,100,0,0,0,45,0,0,50,5,0,96,3,1,0,0,0.1,0,0,3,1,0,0,0,0,0,0,1,-0.536326649,-1.584929077,1.567322529,-0.033168942,-0.99995895,-1.028496083,-2.145397001,-0.453104679,-1.32654488,1.153340056,1.132348543,-0.169598565
MI_2023_08,7.347050344,0,2,1342,78749,59,10,12,1,3,0,25,75,0,0,25,0,25,50,0,0,95,1,4,0,0,0.3,1,10,2,1,0,0,0,0,0,0,1,-0.403993878,-1.308219307,-1.302175827,-0.153198231,0.213773492,-0.960355923,-2.09887691,2.161080369,-1.32654488,1.153340056,1.132348543,-0.169598565
MI_2023_09,34.02,1,3,5930,32336,5,2,18,3,3,1,0,50,0,50,15,0,0,75,5,5,97,2,1,0,0,0.5,0,0,3,1,0,0,0,0,0,0,1,-0.281277085,0.123487438,-1.06893632,0.964991448,-0.149490801,-1.065050675,-2.172306746,-0.453104679,-1.32654488,1.153340056,1.132348543,-0.169598565
MI_2023_10,6.133100696,0,1,13592,40856,3,10,24,2,2,0,0,100,0,0,5,0,0,85,5,5,98,2,0,0,0,0.1,0,0,2,1,0,0,0,0,0,0,1,0.024726721,-1.215982716,-2.25867528,1.331656073,0.136632343,-1.110210676,-2.209452172,-0.453104679,-1.32654488,1.153340056,1.132348543,-0.169598565
MI_2023_11,26.6051149,1,3,12015,56099,5,20,36,2,2,0,0,0,100,0,5,10,0,80,5,0,58,22,20,0,0,0.6,1,95,2,0,0,0,1,0,0,0,1,-0.01966491,-0.777054142,-0.712577954,1.018832066,-0.162679453,0.522478592,-0.92526633,7.252735052,-0.603700978,-1.858377407,1.132348543,-0.169598565
MI_2023_12,0.312786826,0,1,19629,80956,4,20,41,1,2,0,0,0,100,0,5,10,20,60,5,0,58,22,20,0,0,0.6,1,70,2,0,0,0,1,0,0,0,1,0.302301849,-0.777054142,-0.712577954,0.28977061,0.214706323,0.522478592,-0.92526633,5.755189557,-0.603700978,-1.858377407,1.132348543,-0.169598565
MI_2023_13,6.349985822,0,1,6749,19480,3,8,28,3,3,0,50,0,0,50,0,5,0,90,5,0,86,8,6,0,0,0.3,0,0,3,0,0,1,0,0,0,0,1,-0.263669048,-0.060985742,0.844062584,1.409493124,0.133988661,-0.620564155,-1.823888178,-0.453104679,1.503979743,0.32513045,1.132348543,-0.169598565
MI_2023_14,8.1913358,0,2,1999,11742,6,8,35,3,3,0,0,0,0,100,10,10,0,75,5,0,86,8,6,0,0,0.3,0,0,3,0,0,1,0,0,0,0,1,-0.455887223,1.462957592,0.12080264,0.835499753,-0.305741025,-0.620564155,-1.823888178,-0.453104679,1.503979743,0.32513045,1.132348543,-0.169598565
MI_2023_15,3.128487592,0,1,4043,48431,12,13,18,3,3,0,0,0,0,100,55,5,0,25,0,15,93,2,5,0,0,0.3,0,0,3,0,0,0,1,0,1,0,0,-0.33632251,1.462957592,0.12080264,-0.854694489,-1.293638562,-0.87864133,-2.034821739,-0.453104679,-0.603700978,-1.858377407,-1.758410702,-0.98358954
MI_2023_16,12.68279837,1,2,3860,1134014,294,7,12,2,1,0,50,0,0,50,30,10,0,60,0,0,32,42,21,5,0,2.6,0,0,1,1,0,0,0,0,1,0,0,0.859662907,-0.060985742,0.844062584,0.160138783,-0.708233382,1.227327302,-0.097376865,-0.453104679,-1.32654488,1.153340056,-1.758410702,-0.98358954
MN_2022_01,21.98050722,1,3,807,4792,6,5,38,3,2,1,10,90,0,0,0,0,10,60,30,0,26,16,3,50,5,0.02,0,0,2,0,0,1,0,0,1,0,0,-0.509626418,-1.252877353,-1.876075499,0.962449745,-0.372481574,-0.909459195,0.415782485,-0.453104679,1.503979743,0.32513045,-1.758410702,-0.98358954
MN_2022_02,8.7023448,0,2,1442,33977,24,9,35,3,3,0,10,90,0,0,0,0,20,70,10,0,26,16,3,50,5,0.02,0,0,3,0,0,1,0,0,0,1,0,-0.451768371,-1.252877353,-1.876075499,0.829792136,0.495227045,-0.909459195,0.415782485,-0.453104679,1.503979743,0.32513045,-1.020138766,2.727830518
MN_2022_03,17.4755556,1,3,4219,8276,2,9,0,2,3,0,10,90,0,0,0,10,20,70,0,0,26,16,3,50,5,0.02,0,0,3,0,0,1,0,0,0,0,1,-0.373965483,-1.252877353,-1.876075499,0.531071202,0.527521828,-0.909459195,0.415782485,-0.453104679,1.503979743,0.32513045,1.132348543,-0.169598565
MN_2022_04,11.12737932,1,2,2949,51401,17,7,18,1,2,0,0,80,0,20,10,10,60,10,0,10,0,0,0,55,45,0,0,0,3,1,0,0,0,1,0,0,0,-0.375059524,-0.680194655,-1.782779696,-1.497383303,0.980367662,-1.864220663,1.449075861,-0.453104679,-1.32654488,1.153340056,-0.932872823,1.481934936
MN_2022_05,17.362,1,3,1225,63162,52,8,1.4,3,3,1,90,10,0,0,10,10,60,0,10,10,88,2,5,0,5,3.49,0,0,2,0,0,1,0,0,0,0,1,-0.426058623,-1.548034441,1.184722748,-1.613319862,0.640859797,-0.915179101,-1.838393515,-0.453104679,1.503979743,0.32513045,1.132348543,-0.169598565
MN_2022_06,1.496264724,0,1,2400,22216,9,18,0,3,3,1,0,90,10,0,0,10,90,0,0,0,4,4,18,69,5,0,0,0,3,0,0,1,0,1,0,0,0,-0.428715244,-1.172089859,-2.104065547,-2.020643891,1.848372043,-0.790440744,1.31813709,-0.453104679,1.503979743,0.32513045,-0.932872823,1.481934936
MN_2022_07,1.84109868,0,1,4628,18513,4,8,0,2,3,0,20,80,0,0,0,0,10,80,0,10,4,4,18,69,5,0,0,0,3,1,0,0,0,0,1,0,0,-0.346827728,-1.289771989,-1.493475718,1.106592452,0.63023945,-0.790440744,1.31813709,-0.453104679,-1.32654488,1.153340056,-1.758410702,-0.98358954
MN_2022_08,17.6314608,1,3,10763,28314,3,7,24,3,3,1,0,80,0,20,0,0,20,70,0,10,2,8,21,64,5,0,0,0,3,1,0,0,0,0,0,0,1,-0.098522597,-0.680194655,-1.782779696,0.742061724,0.818932338,-0.46939113,1.346311535,-0.453104679,-1.32654488,1.153340056,1.132348543,-0.169598565
MN_2022_09,10.89423018,1,2,3958,5227,1,7,0,3,3,1,0,90,0,10,0,10,20,70,0,0,26,16,3,50,5,0.02,0,0,3,0,0,1,0,0,0,0,1,-0.387477184,-0.948088686,-2.020727488,0.531071202,0.527521828,-0.909459195,0.415782485,-0.453104679,1.503979743,0.32513045,1.132348543,-0.169598565
MN_2022_10,0.05,0,1,6662,191664,29,17,18,3,2,0,10,60,10,20,0,10,10,70,10,0,2,8,21,64,5,0,1,5,3,1,0,0,0,1,0,0,0,-0.077849325,-0.673196433,-1.245570182,0.779665371,-0.000678926,-0.46939113,1.346311535,1.86157127,-1.32654488,1.153340056,-0.932872823,1.481934936
NY_2022_01,6.93211212,0,2,1435,101495,71,3,14,3,3,1,100,0,0,0,10,10,50,20,0,10,4,7,4,80,5,0.07,1,5,3,0,0,0,1,0,0,0,1,-0.37465232,-1.584929077,1.567322529,-1.132852576,0.791674775,-1.42442993,1.346589598,1.86157127,-0.603700978,-1.858377407,1.132348543,-0.169598565
NY_2022_02,11.91186594,1,2,20550,37026,2,3,6,3,3,1,90,10,0,0,10,10,70,0,10,0,3,18,18,61,0,0.31,0,0,3,1,0,0,0,0,0,0,1,0.290127437,-1.548034441,1.184722748,-1.774183619,0.845355257,-0.206292594,1.245158478,-0.453104679,-1.32654488,1.153340056,1.132348543,-0.169598565
NY_2022_03,12.39162876,1,2,260,1045,4,5,13.5,2,2,1,0,0,100,0,40,10,30,20,0,0,14,59,27,0,0,0.5,0,0,3,0,0,1,0,0,0,0,1,-0.535066305,-0.777054142,-0.712577954,-1.300118025,-0.428277863,2.152976754,0.403773724,-0.453104679,1.503979743,0.32513045,1.132348543,-0.169598565
NY_2022_04,29.2818312,1,3,116,392,3,5,6,3,3,1,0,100,0,0,20,10,0,0,0,70,8,1,1,80,10,0.04,0,0,3,1,0,0,0,0,0,0,1,-0.541442665,-1.215982716,-2.25867528,-0.898865385,-0.532728243,-1.801608323,1.242874512,-0.453104679,-1.32654488,1.153340056,1.132348543,-0.169598565
NY_2022_05,0.58873903,0,1,2423,46696,19,5,5,3,3,0,100,0,0,0,30,0,70,0,0,0,57,32,11,0,0,59.38,0,0,3,0,0,1,0,0,0,0,1,-0.400377822,-1.584929077,1.567322529,-1.976918818,0.919829916,0.268824093,-0.581256113,-0.453104679,1.503979743,0.32513045,1.132348543,-0.169598565
NY_2022_06,3.943409436,0,1,2697,16901,6,14,6,3,3,1,0,0,0,100,40,10,10,0,30,10,41,42,17,0,0,0.53,1,80,3,0,0,1,0,0,0,0,1,-0.423236562,1.462957592,0.12080264,-1.122533217,-1.839989808,1.088827053,-0.442222789,6.354207755,1.503979743,0.32513045,1.132348543,-0.169598565
NY_2022_07,21.7842084,1,3,937,12110,13,9,8,2,3,1,0,50,50,0,40,10,0,0,30,20,8,1,1,80,10,0.04,0,0,3,1,0,0,0,0,0,0,1,-0.496035067,-0.996518429,-1.485626617,-0.96166946,-2.044485268,-1.801608323,1.242874512,-0.453104679,-1.32654488,1.153340056,1.132348543,-0.169598565
NY_2022_09,13.80753144,1,2,870,23217,27,1,0,3,3,1,50,50,0,0,20,10,50,20,0,0,14,0,0,0,86,0.06,1,5,3,0,0,0,1,0,0,0,1,-0.48535594,-1.400455897,-0.345676375,-1.29585023,0.521354202,-1.633214889,0.771863273,1.86157127,-0.603700978,-1.858377407,1.132348543,-0.169598565
NY_2022_10,16.724376,1,3,1324,12937,10,13,4,3,3,1,0,100,0,0,10,40,0,10,0,40,0,0,0,0,100,0,1,7,3,1,0,0,0,0,0,0,1,-0.480400562,-1.215982716,-2.25867528,-1.165172325,-1.12083663,-1.706699594,1.266428122,1.98137491,-1.32654488,1.153340056,1.132348543,-0.169598565
NY_2022_11,28.6015176,1,3,646,3136,5,11,2.8,3,3,1,100,0,0,0,0,0,0,0,0,100,94,3,3,0,0,0.29,0,0,3,1,0,0,0,0,0,0,1,-0.517750484,-1.584929077,1.567322529,-0.361879554,0.299323412,-0.936220915,-2.074866696,-0.453104679,-1.32654488,1.153340056,1.132348543,-0.169598565
NY_2022_12,31.98526162,1,3,2842,236095,83,8,7.9,3,3,1,0,0,100,0,0,0,0,90,10,0,38,41,21,0,0,1.35,0,0,3,0,0,0,1,0,0,0,1,-0.172955305,-0.777054142,-0.712577954,1.558853591,0.117841269,1.236694589,-0.327825331,-0.453104679,-0.603700978,-1.858377407,1.132348543,-0.169598565
NY_2022_13,3.61648888,0,1,90,2744,30,9,4,1,3,0,70,30,0,0,60,0,0,30,0,10,4,39,50,0,7,0.59,0,0,3,0,0,1,0,0,0,0,1,-0.537549059,-1.474245169,0.419523187,-0.72886457,-1.275192306,2.478567216,0.861910717,-0.453104679,1.503979743,0.32513045,1.132348543,-0.169598565
NY_2022_14,10.4848216,1,2,400,6578,16,7,6,3,3,0,0,10,0,90,60,0,0,30,0,10,0,0,0,0,100,0,0,0,3,0,0,0,1,0,0,0,1,-0.522590525,1.195063562,-0.117145152,-0.72886457,-1.275192306,-1.706699594,1.266428122,-0.453104679,-0.603700978,-1.858377407,1.132348543,-0.169598565
NY_2022_15,3.0436947,0,1,205,1307,6,12,7.1,3,3,1,100,0,0,0,0,0,0,75,0,25,14,17,6,60,3,0.21,0,0,3,1,0,0,0,0,1,0,0,-0.536739392,-1.584929077,1.567322529,1.165622724,0.417842704,-0.806210781,0.866396491,-0.453104679,-1.32654488,1.153340056,-1.758410702,-0.98358954
NY_2022_16,14.18666454,1,3,2230,17947,8,7,3.5,3,2,1,0,0,0,100,0,0,100,0,0,0,15,11,4,70,0,0.2,0,0,3,1,0,0,0,0,0,0,1,-0.440024877,1.462957592,0.12080264,-1.970517126,2.344278014,-1.176176684,0.901397838,-0.453104679,-1.32654488,1.153340056,1.132348543,-0.169598565
NY_2023_01,8.5124304,0,2,348,1126,3,9,6,3,3,1,10,40,0,50,0,10,0,90,0,0,20,8,3,69,0,0.1,0,0,3,1,0,0,0,0,0,0,1,-0.531655029,0.086592802,-0.686336539,1.260132657,0.150136052,-1.319989127,0.739301478,-0.453104679,-1.32654488,1.153340056,1.132348543,-0.169598565
NY_2023_02,16.949985,1,3,8500,1000,0,7,3,3,3,1,0,0,0,100,30,10,0,0,0,60,37,40,23,0,0,0.55,0,0,3,1,0,0,0,0,1,0,0,-0.216135519,1.462957592,0.12080264,-1.061863039,-0.803048816,1.296870377,-0.292773888,-0.453104679,-1.32654488,1.153340056,-1.758410702,-0.98358954
NY_2023_03,7.500720848,0,2,18735,52409,3,17,3.5,3,3,1,50,0,0,50,60,40,0,0,0,0,76,18,6,0,0,0.5,1,10,3,0,0,1,0,0,0,0,1,0.236577549,-0.060985742,0.844062584,-2.183827568,-2.488242065,-0.268480029,-1.528898432,2.161080369,1.503979743,0.32513045,1.132348543,-0.169598565
NY_2023_04,12.53833938,1,2,26136,855000,33,9,10,3,3,1,0,0,0,100,40,0,20,40,0,0,59,30,11,0,0,0.51,0,0,3,1,0,0,0,0,0,0,1,1.397327366,1.462957592,0.12080264,-0.520929805,-0.309757669,0.3869685,-1.002931181,-0.453104679,-1.32654488,1.153340056,1.132348543,-0.169598565
NY_2023_05,17.5592237,1,3,220,2365,11,7,3,2,2,1,0,100,0,0,90,10,0,0,0,0,37,33,15,0,15,0.8,0,0,3,1,0,0,0,0,1,0,0,-0.534574711,-1.215982716,-2.25867528,-2.039848967,-2.424972251,0.59868519,-0.244011153,-0.453104679,-1.32654488,1.153340056,-1.758410702,-0.98358954
NY_2023_06,12.84580952,1,2,245,855,3,6,2,3,3,1,0,70,0,30,75,10,0,0,0,15,5,7,4,79,5,0.1,0,0,3,1,0,0,0,0,0,0,1,-0.535940832,-0.412300624,-1.544831904,-1.795352485,-2.019491392,-1.416399422,1.308101193,-0.453104679,-1.32654488,1.153340056,1.132348543,-0.169598565
NY_2023_07,15.26176279,1,3,75,1100,15,10,2,3,3,1,30,70,0,0,40,0,0,40,0,20,14,17,6,60,3,0.2,0,0,3,1,0,0,0,0,1,0,0,-0.541219467,-1.326666625,-1.110875937,-0.199202291,-0.718748589,-0.806178729,0.866334843,-0.453104679,-1.32654488,1.153340056,-1.758410702,-0.98358954
NY_2023_08,14.82658452,1,3,2188,7700,4,11,6,3,3,1,0,0,0,100,90,10,0,0,0,0,66,24,10,0,0,0.3,0,0,3,0,0,0,1,0,0,0,1,-0.453124923,1.462957592,0.12080264,-2.039848967,-2.424972251,0.129564414,-1.215159357,-0.453104679,-0.603700978,-1.858377407,1.132348543,-0.169598565
NY_2023_09,21.38595147,1,3,2314,61000,26,10,5,3,3,1,100,0,0,0,95,5,0,0,0,0,26,48,21,0,5,0.6,0,0,3,0,0,0,1,0,0,0,1,-0.38846421,-1.584929077,1.567322529,-2.015852533,-2.414427282,1.459692875,0.049943197,-0.453104679,-0.603700978,-1.858377407,1.132348543,-0.169598565
NY_2023_10,16.4566748,1,3,615,48000,78,11,6,3,2,1,0,0,0,100,95,5,0,0,0,0,41,42,17,0,0,0.5,0,0,3,1,0,0,0,0,0,0,1,-0.463897879,1.462957592,0.12080264,-2.015852533,-2.414427282,1.088923209,-0.442407734,-0.453104679,-1.32654488,1.153340056,1.132348543,-0.169598565
NY_2023_11,9.483800176,0,2,984,20593,21,6,24,1,3,0,100,0,0,0,100,0,0,0,0,0,26,62,12,0,0,0.9,0,0,3,0,0,0,1,0,1,0,0,-0.484308513,-1.584929077,1.567322529,-1.991856099,-2.403882313,1.560881078,-0.025825709,-0.453104679,-0.603700978,-1.858377407,-1.758410702,-0.98358954
NY_2023_12,13.19451817,1,2,7700,8400,1,16,6,3,2,1,0,0,0,100,40,10,0,50,0,0,65,18,12,0,5,0.6,0,0,3,0,0,0,1,0,0,0,1,-0.239017468,1.462957592,0.12080264,-0.206525842,-0.994356527,-0.016461308,-1.143442582,-0.453104679,-0.603700978,-1.858377407,1.132348543,-0.169598565
NY_2023_13,16.49093148,1,3,436,3297,8,9,3,3,3,0,0,40,0,60,20,10,0,50,0,20,7,2,1,80,10,0.4,0,0,3,0,0,0,1,0,0,1,0,-0.525453033,0.391381469,-0.830988528,0.119469467,-0.453715382,-1.767489674,1.274469529,-0.453104679,-0.603700978,-1.858377407,-1.020138766,2.727830518
NY_2023_14,13.82039236,1,3,4318,12877,3,9,8,3,2,1,50,50,0,0,50,0,0,50,0,0,20,8,3,69,0,0.1,0,0,3,1,0,0,0,0,0,0,1,-0.365046903,-1.400455897,-0.345676375,-0.158532975,-0.973266589,-1.319989127,0.739301478,-0.453104679,-1.32654488,1.153340056,1.132348543,-0.169598565
NY_2023_15,8.9712508,0,2,2535,23700,9,11,6,3,3,1,30,0,0,70,0,0,0,90,0,10,41,42,17,0,0,0.5,0,0,2,0,0,0,1,0,0,0,1,-0.421872449,0.548591592,0.554758606,1.471123179,0.441546562,1.088923209,-0.442407734,-0.453104679,-0.603700978,-1.858377407,1.132348543,-0.169598565
NY_2023_16,6.69432712,0,1,4334,39000,9,2,12,2,3,1,80,10,0,10,0,0,0,100,0,0,38,41,21,0,0,1.4,0,0,2,0,0,0,1,0,0,0,1,-0.335544857,-1.243245774,1.040070759,1.67479015,0.457349135,1.236534329,-0.327517089,-0.453104679,-0.603700978,-1.858377407,1.132348543,-0.169598565
NY_2023_17,16.48054853,1,3,6049,39000,6,2,12,3,2,1,80,10,0,10,0,0,0,100,0,0,38,41,21,0,0,1.4,0,0,2,0,0,0,1,0,0,0,1,-0.269343755,-1.243245774,1.040070759,1.67479015,0.457349135,1.236534329,-0.327517089,-0.453104679,-0.603700978,-1.858377407,1.132348543,-0.169598565
NY_2023_18,6.216421147,0,1,800,29700,37,12,4,3,3,1,0,60,0,40,0,0,100,0,0,0,14,12,4,70,0,0.3,0,0,2,1,0,0,0,0,0,0,1,-0.480160906,-0.144406593,-1.306884112,-1.970517126,2.344278014,-1.141224686,0.931389999,-0.453104679,-1.32654488,1.153340056,1.132348543,-0.169598565
NY_2023_19,15.24274967,1,3,5081,39000,8,10,6,2,3,1,70,0,0,30,10,40,0,40,0,10,40,43,17,0,0,0.5,0,0,3,0,0,0,1,0,0,0,1,-0.306683072,-0.670563076,1.133366562,-0.554171414,-1.073428913,1.124195725,-0.413032056,-0.453104679,-0.603700978,-1.858377407,1.132348543,-0.169598565
OH_2022_01,6.77691558,0,1,12000,1089000,91,7,19.2,3,3,1,0,0,0,100,0,0,50,50,0,0,7,48,41,0,4,0.26,0,0,3,0,1,0,0,0,0,1,0,1.108594201,1.462957592,0.12080264,-0.147863488,1.400813574,2.394886817,0.706084539,-0.453104679,-0.219522807,-0.197981389,-1.020138766,2.727830518
OH_2022_02,7.20282024,0,2,4000,304920,76,7,0,3,3,0,70,0,0,30,0,0,90,0,10,0,7,48,41,0,4,0.26,0,0,3,0,0,0,1,1,0,0,0,-0.053968203,-0.670563076,1.133366562,-1.721922957,1.81607726,2.394886817,0.706084539,-0.453104679,-0.603700978,-1.858377407,-0.932872823,1.481934936
OH_2022_04,17.929098,1,3,2900,78408,27,6,8.4,3,3,1,100,0,0,0,30,10,50,0,0,0,24,3,3,70,0,0.11,0,0,3,1,0,0,0,0,0,1,0,-0.34676892,-1.584929077,1.567322529,-1.866181825,0.219428485,-1.504510425,0.631158086,-0.453104679,-1.32654488,1.153340056,-1.020138766,2.727830518
OH_2022_05,2.342688228,0,1,131000,958320,7,6,12,3,3,1,30,30,0,40,0,10,40,40,0,0,1,1,1,70,27,0.01,0,0,3,0,0,1,0,0,0,1,0,5.571064672,-0.255090501,-0.159084769,-0.401657223,0.889105031,-1.809710481,1.456948256,-0.453104679,1.503979743,0.32513045,-1.020138766,2.727830518
OH_2022_06,16.5401244,1,3,6000,261360,44,6,9.6,2,3,0,80,0,20,0,20,0,80,0,0,0,41,25,9,25,0,0.16,0,0,3,1,0,0,0,0,0,0,1,-0.026534703,-1.42335409,1.111342433,-1.974784921,1.394645948,-0.084323007,-0.254492517,-0.453104679,-1.32654488,1.153340056,1.132348543,-0.169598565
OH_2022_07,50,1,3,1000,174240,174,6,9.6,3,3,1,0,0,0,100,0,10,90,0,0,0,19,50,31,0,0,0.3,0,0,3,0,0,1,0,1,0,0,0,-0.303578611,1.462957592,0.12080264,-2.020643891,1.848372043,2.021933451,0.27687763,-0.453104679,1.503979743,0.32513045,-0.932872823,1.481934936
OH_2022_09,18.68311224,1,3,4000,130680,33,6,0,3,2,1,0,0,0,100,0,0,0,90,0,10,17,47,36,0,0,0.46,0,0,2,0,0,1,0,0,0,1,0,-0.246869768,1.462957592,0.12080264,1.471123179,0.441546562,2.147813456,0.363134436,-0.453104679,1.503979743,0.32513045,-1.020138766,2.727830518
OH_2022_10,11.03100156,1,2,4000,65340,16,8,0,2,2,0,70,30,0,0,40,0,0,10,0,50,1,1,1,70,27,0.01,0,0,2,0,0,1,0,1,0,0,0,-0.31928394,-1.474245169,0.419523187,-0.810203202,-0.766156306,-1.809710481,1.456948256,-0.453104679,1.503979743,0.32513045,-0.932872823,1.481934936
OH_2022_12,50,1,3,8000,130680,16,6,0,3,3,1,0,100,0,0,20,10,0,0,0,70,0,0,0,0,100,0,0,0,3,1,0,0,0,0,0,1,0,-0.093334658,-1.215982716,-2.25867528,-0.898865385,-0.532728243,-1.706699594,1.266428122,-0.453104679,-1.32654488,1.153340056,-1.020138766,2.727830518
OH_2022_13,12.93021036,1,2,2300,130680,57,6,0,3,2,1,0,30,0,70,0,10,0,70,10,10,0,0,0,100,0,0,0,0,3,0,0,1,0,0,0,1,0,-0.310663536,0.6592755,-0.593040736,0.940529128,-0.205174386,-1.993101538,1.59851492,-0.453104679,1.503979743,0.32513045,-1.020138766,2.727830518
OH_2022_14,50,1,3,16000,21780,1,6,16.8,3,3,1,0,100,0,0,10,0,0,10,0,80,24,3,3,70,0,0.08,0,0,3,0,0,1,0,1,0,0,0,0.097161099,-1.215982716,-2.25867528,-0.321210238,0.044805412,-1.504414269,0.630973141,-0.453104679,1.503979743,0.32513045,-0.932872823,1.481934936
OH_2022_16,18.3826404,1,3,2300,43560,19,6,10.8,3,3,1,30,0,0,70,0,30,0,60,10,0,95,1,4,0,0,0.28,0,0,3,1,0,0,0,0,0,1,0,-0.40854906,0.548591592,0.554758606,0.314881114,-0.803797979,-0.96029182,-2.099000207,-0.453104679,-1.32654488,1.153340056,-1.020138766,2.727830518
OH_2022_17,50,1,3,800,43560,54,5,6,3,3,1,60,20,0,20,0,0,0,40,0,60,19,50,31,0,0,0.3,0,0,3,1,0,0,0,0,0,1,0,-0.463635667,-0.901562471,0.51281899,0.452788327,0.362533701,2.021933451,0.27687763,-0.453104679,-1.32654488,1.153340056,-1.020138766,2.727830518
OH_2022_18,9.08218656,0,2,5000,130680,26,6,6,2,1,1,0,0,0,100,10,0,0,90,0,0,0,0,0,0,100,80.28,0,0,2,0,0,1,0,0,0,1,0,-0.208725114,1.462957592,0.12080264,1.308125525,0.17122599,-1.964012117,1.761340906,-0.453104679,1.503979743,0.32513045,-1.020138766,2.727830518
OH_2022_19,6.55227036,0,1,7000,130680,19,6,18,3,3,1,0,0,0,100,30,0,0,60,10,0,7,65,28,0,0,0.73,1,40,2,0,0,1,0,0,0,1,0,-0.131827128,1.462957592,0.12080264,0.458859716,-0.740528165,2.410316736,0.616125197,3.958134963,1.503979743,0.32513045,-1.020138766,2.727830518
OH_2023_02,4.40219592,0,1,15200,60000,4,6,0,3,3,1,100,0,0,0,0,15,50,15,20,0,49,13,13,25,0,0.31,0,0,2,0,0,1,0,0,1,0,0,0.107912594,-1.584929077,1.567322529,-1.001722844,0.260978219,-0.322305675,-0.467357953,-0.453104679,1.503979743,0.32513045,-1.758410702,-0.98358954
OH_2023_03,7.71982988,0,2,5500,50000,9,5,0,3,3,0,40,0,0,60,0,0,0,70,30,0,14,44,22,0,20,0.6,0,0,3,0,0,1,0,0,1,0,0,-0.278416393,0.243802925,0.699410595,1.326980473,-0.561174462,1.286105225,0.497407198,-0.453104679,1.503979743,0.32513045,-1.758410702,-0.98358954
OH_2023_04,10.36840446,1,2,53000,3600000,68,7,0,3,3,0,0,0,0,100,0,15,0,85,0,0,25,23,17,35,0,0.23,0,0,3,0,0,1,0,0,1,0,0,5.421531963,1.462957592,0.12080264,1.052803911,-0.003470489,0.135177576,0.351357106,-0.453104679,1.503979743,0.32513045,-1.758410702,-0.98358954
OH_2023_05,18.9704596,1,3,1830,27000,15,9,15,3,3,1,0,0,0,100,25,15,40,0,20,0,20,51,29,0,0,0.4,0,0,3,0,0,1,0,0,1,0,0,-0.4450892,1.462957592,0.12080264,-1.553853679,-0.643022531,1.964001296,0.237510804,-0.453104679,1.503979743,0.32513045,-1.758410702,-0.98358954
OH_2023_06,13.6673056,1,2,1250,20000,16,9,15,3,3,1,0,0,0,100,25,0,0,45,30,0,20,51,29,0,0,0.4,0,0,3,0,0,1,0,0,1,0,0,-0.475078684,1.462957592,0.12080264,0.41031891,-1.276482324,1.964001296,0.237510804,-0.453104679,1.503979743,0.32513045,-1.758410702,-0.98358954
OH_2023_07,16.62,1,3,10000,140000,14,6,12,3,3,1,0,0,0,100,10,0,80,10,0,0,5,47,48,0,0,0.27,0,0,3,0,0,1,0,0,1,0,0,-0.005883704,1.462957592,0.12080264,-1.608120296,1.680769093,2.705727362,0.778117038,-0.453104679,1.503979743,0.32513045,-1.758410702,-0.98358954
OH_2023_08,14.02323441,1,3,4400,100000,23,9,8,3,3,1,0,40,0,60,20,20,15,15,30,0,19,3,3,70,5,0.09,0,0,3,0,0,1,0,0,1,0,0,-0.265545521,0.391381469,-0.830988528,-0.782459853,-1.464807585,-1.530759541,0.807797196,-0.453104679,1.503979743,0.32513045,-1.758410702,-0.98358954
OH_2023_09,10.48577087,1,2,5000,110000,22,5,8,3,3,1,0,0,0,100,40,10,0,45,5,0,24,3,3,70,0,0.09,0,0,3,0,0,1,0,0,1,0,0,-0.23152404,1.462957592,0.12080264,-0.264494122,-1.16411046,-1.504446321,0.631034789,-0.453104679,1.503979743,0.32513045,-1.758410702,-0.98358954
OH_2023_10,21.46397731,1,3,12300,215000,17,2.5,13,3,2,1,0,0,0,100,30,0,60,0,10,0,0,0,0,100,0,0,1,5,3,0,0,1,0,0,1,0,0,0.164933092,1.462957592,0.12080264,-1.728324649,0.391629162,-1.993101538,1.59851492,1.86157127,1.503979743,0.32513045,-1.758410702,-0.98358954
OH_2023_11,17.90642088,1,3,4500,120000,27,5,8.5,3,3,1,0,0,0,100,0,10,30,60,0,0,24,3,3,70,0,0.09,0,0,3,0,0,1,0,0,1,0,0,-0.2396095,1.462957592,0.12080264,0.166540475,0.716214716,-1.504446321,0.631034789,-0.453104679,1.503979743,0.32513045,-1.758410702,-0.98358954
OH_2023_12,11.0090331,1,2,4000,130000,33,6,7,3,3,1,0,0,0,100,0,5,55,40,0,0,6,46,48,0,0,0.49,0,0,3,0,0,1,0,0,1,0,0,-0.247608006,1.462957592,0.12080264,-0.537457598,1.341553477,2.669749704,0.750097623,-0.453104679,1.503979743,0.32513045,-1.758410702,-0.98358954
OH_2023_13,32.00799517,1,3,15000,170000,11,5,8.5,3,3,1,0,0,0,100,10,20,70,0,0,0,5,44,44,0,7,0.25,0,0,3,0,0,1,0,0,1,0,0,0.220191403,1.462957592,0.12080264,-2.072904552,0.87765004,2.377367101,0.798616103,-0.453104679,1.503979743,0.32513045,-1.758410702,-0.98358954
OH_2023_14,6.375,0,1,1900,30000,16,8,11,3,3,1,100,0,0,0,0,25,65,10,0,0,24,3,3,70,0,0.09,0,0,2,0,0,1,0,0,1,0,0,-0.439032582,-1.584929077,1.567322529,-1.73130331,0.9158202,-1.504446321,0.631034789,-0.453104679,1.503979743,0.32513045,-1.758410702,-0.98358954
OH_2023_15,5.95,0,1,10000,30000,3,6,0,3,3,0,100,0,0,0,0,20,15,55,10,0,16,30,12,34,8,1.29,0,0,3,0,0,1,0,0,1,0,0,-0.126260995,-1.584929077,1.567322529,0.182742515,-0.213545564,0.112502819,0.634270609,-0.453104679,1.503979743,0.32513045,-1.758410702,-0.98358954
OH_2023_16,9.20407608,0,2,9000,55000,6,7,0,2,3,1,0,100,0,0,0,0,90,0,10,0,0,0,0,100,0,0,0,0,2,0,0,1,0,0,1,0,0,-0.137612374,-1.215982716,-2.25867528,-1.721922957,1.81607726,-1.993101538,1.59851492,-0.453104679,1.503979743,0.32513045,-1.758410702,-0.98358954
OH_2023_17,4,0,1,22000,85000,4,5,0,2,3,1,100,0,0,0,0,0,100,0,0,0,39,24,12,25,0,0.3,0,0,3,0,0,1,0,0,1,0,0,0.398576342,-1.584929077,1.567322529,-1.970517126,2.344278014,0.019281981,-0.178966638,-0.453104679,1.503979743,0.32513045,-1.758410702,-0.98358954
OH_2023_18,6.52,0,1,52000,62000,1,7,15,3,3,1,0,0,50,50,15,10,75,0,0,0,10,11,9,70,0,0.11,0,0,2,0,0,1,0,0,1,0,0,1.535945639,0.342951725,-0.295887657,-2.023844737,1.136147994,-0.943677833,1.07424047,-0.453104679,1.503979743,0.32513045,-1.758410702,-0.98358954
OH_2023_19,5.58558548,0,1,48000,120000,3,7,20,3,3,1,0,40,0,60,0,0,0,100,0,0,10,11,9,70,0,0.11,0,0,3,0,0,1,0,0,1,0,0,1.444073548,0.391381469,-0.830988528,1.67479015,0.457349135,-0.943677833,1.07424047,-0.453104679,1.503979743,0.32513045,-1.758410702,-0.98358954
OH_2023_20,18.31067284,1,3,9000,70000,8,7,26,3,3,1,0,0,0,100,15,5,80,0,0,0,10,11,9,70,0,0.11,0,0,3,0,0,1,0,0,1,0,0,-0.121153812,1.462957592,0.12080264,-1.998781354,1.384100979,-0.943677833,1.07424047,-0.453104679,1.503979743,0.32513045,-1.758410702,-0.98358954
OH_2023_21,3.988267614,0,1,950,30000,32,10,0,3,3,0,0,0,0,100,0,10,70,10,10,0,11,31,23,35,0,0.37,1,5,3,0,0,1,0,0,1,0,0,-0.474456983,1.462957592,0.12080264,-1.407518994,1.131478402,0.695561441,0.795302566,1.86157127,1.503979743,0.32513045,-1.758410702,-0.98358954
WI_2022_01,6.20360964,0,1,13412,252648,19,13,12,1,2,1,30,10,40,20,0,0,0,100,0,0,18,42,40,0,0,0.13,0,0,3,0,0,0,1,0,0,0,1,0.249073016,-0.615307133,-0.016541423,1.67479015,0.457349135,2.158276893,0.352939625,-0.453104679,-0.603700978,-1.858377407,1.132348543,-0.169598565
WI_2022_02,22.181058,1,3,580,3485,6,8,12,2,3,0,0,0,0,100,40,0,0,30,10,20,91,2,7,0,0,0.75,0,0,2,0,0,1,0,0,1,0,0,-0.519842361,1.462957592,0.12080264,-0.31513885,-1.058256455,-0.787199512,-1.962688577,-0.453104679,1.503979743,0.32513045,-1.758410702,-0.98358954
WI_2022_03,50,1,3,3181,10454,3,8,13,2,1,0,0,0,0,100,0,0,0,0,70,30,92,2,6,0,0,0.1,0,0,2,0,0,1,0,0,1,0,0,-0.411739956,1.462957592,0.12080264,0.252233326,-1.96661364,-0.831558216,-2.001375212,-0.453104679,1.503979743,0.32513045,-1.758410702,-0.98358954
WI_2022_04,23.952708,1,3,225,2178,10,9,6,2,2,0,0,0,0,100,5,0,60,30,5,0,94,1,5,0,0,0.25,0,0,2,0,0,1,0,0,1,0,0,-0.534670914,1.462957592,0.12080264,-0.753694808,1.276690957,-0.913753587,-2.064505658,-0.453104679,1.503979743,0.32513045,-1.758410702,-0.98358954
WI_2022_05,6.984340362,0,2,3584,269201,75,3,15.5,3,3,1,100,0,0,0,0,10,90,0,0,0,17,45,38,0,0,0.07,1,1,3,0,0,0,1,0,0,0,1,-0.108954647,-1.584929077,1.567322529,-2.020643891,1.848372043,2.1714026,0.371337782,1.621963991,-0.603700978,-1.858377407,1.132348543,-0.169598565
WI_2022_06,1.394926344,0,1,7980,1035857,130,3,28,2,3,1,90,0,0,10,0,0,0,60,10,30,12,51,36,1,0,0.32,1,5,2,0,0,0,1,0,0,0,1,0.898502655,-1.28014041,1.42267054,0.94785268,0.070433552,2.281225584,0.51844742,1.86157127,-0.603700978,-1.858377407,1.132348543,-0.169598565
WI_2022_07,5.46802056,0,1,2300,43560,19,6,2.8,1,3,1,0,0,0,100,0,0,100,0,0,0,28,37,33,0,2,1.38,1,1,2,0,0,0,1,0,0,0,1,-0.40854906,1.462957592,0.12080264,-1.970517126,2.344278014,1.642288,0.041715785,1.621963991,-0.603700978,-1.858377407,1.132348543,-0.169598565
WI_2022_08,6.84849024,0,2,861,127631,148,5,48,1,1,1,90,0,0,10,10,10,0,80,0,0,18,49,33,0,0,0.25,0,0,2,0,0,0,1,0,1,0,0,-0.361826892,-1.28014041,1.42267054,0.893468033,-0.135987093,2.079705348,0.316552697,-0.453104679,-0.603700978,-1.858377407,-1.758410702,-0.98358954
WI_2022_09,9.2196666,0,2,5454,106722,20,1,21.5,2,3,1,0,0,0,100,0,0,0,100,0,0,15,53,32,0,0,0.27,0,0,3,0,0,0,1,0,0,0,1,-0.217662675,1.462957592,0.12080264,1.67479015,0.457349135,2.174289233,0.399499212,-0.453104679,-0.603700978,-1.858377407,1.132348543,-0.169598565
WI_2022_10,6.43605012,0,1,7695,2308680,300,5,1.1,2,2,1,0,0,50,50,0,0,0,30,0,70,0,0,28,72,0,0.25,0,0,2,0,0,0,1,0,0,0,1,2.284072289,0.342951725,-0.295887657,0.249121357,0.346731129,-0.465978109,1.488228162,-0.453104679,-0.603700978,-1.858377407,1.132348543,-0.169598565
WI_2022_11,5.39715456,0,1,693,30928,45,13,1,1,3,1,0,0,0,100,0,0,0,60,10,30,60,29,11,0,0,3.09,0,0,2,1,0,0,0,0,0,0,1,-0.48227871,1.462957592,0.12080264,0.94785268,0.070433552,0.343426597,-1.016401591,-0.453104679,-1.32654488,1.153340056,1.132348543,-0.169598565
WI_2022_12,4.02448014,0,1,1000,7405,7,4,7.9,3,2,1,10,10,0,80,0,0,0,80,20,0,0,0,0,100,0,0,0,0,3,1,0,0,0,0,0,0,1,-0.499223284,0.890274895,0.027506837,1.442917032,-0.221666596,-1.993101538,1.59851492,-0.453104679,-1.32654488,1.153340056,1.132348543,-0.169598565
WI_2022_14,9.94391712,0,2,620,9583,15,8,5.8,3,2,1,20,20,0,60,20,0,0,50,20,10,42,35,23,0,0,0.53,0,0,2,0,0,0,1,0,0,0,1,-0.510889386,0.317592197,-0.065788966,0.505920812,-0.809715458,1.120571898,-0.439775575,-0.453104679,-0.603700978,-1.858377407,1.132348543,-0.169598565
WI_2022_15,13.89965724,1,3,1348,39640,29,7,18,2,2,1,0,0,0,100,0,0,0,90,0,10,44,33,23,0,0,0.5,0,0,3,0,0,0,1,0,0,0,1,-0.448828415,1.462957592,0.12080264,1.471123179,0.441546562,1.050123021,-0.498711876,-0.453104679,-0.603700978,-1.858377407,1.132348543,-0.169598565
WI_2022_16,11.01186774,1,2,2045,36590,18,4,6.2,3,2,0,30,0,0,70,0,0,0,90,10,0,52,36,12,0,0,2.25,0,0,3,0,0,1,0,0,1,0,0,-0.426085049,0.548591592,0.554758606,1.558853591,0.117841269,0.639468647,-0.781270811,-0.453104679,1.503979743,0.32513045,-1.758410702,-0.98358954
WI_2023_01,3.58046788,0,1,5963,71544,12,3,18.5,3,3,0,0,0,0,100,0,0,100,0,0,0,5,6,27,0,62,0.27,0,0,3,0,0,1,0,0,1,0,0,-0.236823632,1.462957592,0.12080264,-1.970517126,2.344278014,-0.042013352,1.037298724,-0.453104679,1.503979743,0.32513045,-1.758410702,-0.98358954
WI_2023_02,4.02444247,0,1,2189,82546,38,12,3.5,1,1,1,100,0,0,0,2,0,0,90,0,8,18,44,38,0,0,0.25,0,0,2,0,0,0,1,0,0,0,1,-0.368873652,-1.584929077,1.567322529,1.438523648,0.387482448,2.135553149,0.343071774,-0.453104679,-0.603700978,-1.858377407,1.132348543,-0.169598565
WI_2023_03,13.78358927,1,2,6932,314503,45,13,1,1,2,1,0,0,100,0,2,0,0,95,0,3,36,31,18,0,15,1.28,1,5,2,0,0,0,1,0,0,0,1,0.067364714,-0.777054142,-0.712577954,1.540357134,0.395383734,0.665927897,-0.195764909,1.86157127,-0.603700978,-1.858377407,1.132348543,-0.169598565
WI_2023_04,10.07139775,0,2,825,5878,7,3,9,2,3,1,0,0,0,100,10,0,0,70,15,5,0,0,0,100,0,0,0,0,3,1,0,0,0,0,0,0,1,-0.507662895,1.462957592,0.12080264,1.032387201,-0.345937094,-1.993101538,1.59851492,-0.453104679,-1.32654488,1.153340056,1.132348543,-0.169598565
WI_2023_05,4.74417194,0,1,15637,131116,8,4,6,2,2,1,0,0,0,100,0,0,0,99,0,1,17,43,40,0,0,0.73,0,0,2,0,0,1,0,0,0,0,1,0.202402247,1.462957592,0.12080264,1.654423453,0.455768877,2.191626296,0.386014203,-0.453104679,1.503979743,0.32513045,1.132348543,-0.169598565
WI_2023_06,7.582077176,0,2,1929,55511,29,5,6,2,2,1,10,90,0,0,0,0,95,5,0,0,14,54,30,1,1,0.2,0,0,1,1,0,0,0,0,0,0,1,-0.409082479,-1.252877353,-1.876075499,-1.788251762,2.24993157,2.103512652,0.433110195,-0.453104679,-1.32654488,1.153340056,1.132348543,-0.169598565
WI_2023_07,21.17591796,1,3,1001,1913,2,4,7,3,3,1,0,100,0,0,20,60,0,0,20,0,6,45,46,0,3,0.24,1,10,2,1,0,0,0,0,0,0,1,-0.505581656,-1.215982716,-2.25867528,-1.778357171,-2.637191382,2.526606399,0.755879194,2.161080369,-1.32654488,1.153340056,1.132348543,-0.169598565
WI_2023_08,13.67623353,1,2,1415,4070,3,3,16,3,3,1,100,0,0,0,45,2,50,0,0,3,17,45,38,0,0,0.07,0,0,3,0,0,0,1,0,0,0,1,-0.487109089,-1.584929077,1.567322529,-1.94188589,0.047076034,2.1714026,0.371337782,-0.453104679,-0.603700978,-1.858377407,1.132348543,-0.169598565
WI_2023_09,11.71894003,1,2,2832,126324,45,3,19,2,3,1,100,0,0,0,0,0,0,99,1,0,8,45,47,0,0,0.25,0,0,3,0,0,0,1,0,0,0,1,-0.295819275,-1.584929077,1.567322529,1.663196494,0.423398348,2.588804356,0.684562892,-0.453104679,-0.603700978,-1.858377407,1.132348543,-0.169598565
WI_2023_10,4.75196216,0,1,635,20474,32,7,2,3,3,0,0,0,0,100,0,0,0,50,50,0,33,51,16,0,0,0.51,0,0,3,0,0,1,0,0,0,0,1,-0.497006124,1.462957592,0.12080264,1.095107355,-1.240190193,1.359901728,-0.212644478,-0.453104679,1.503979743,0.32513045,1.132348543,-0.169598565
WI_2023_11,14.24097303,1,3,430,12784,30,15,2,3,3,1,0,0,0,100,0,10,0,60,0,30,8,60,32,0,0,0.25,0,0,3,0,0,1,0,0,0,0,1,-0.513473064,1.462957592,0.12080264,0.649131746,0.102728335,2.421260952,0.605005661,-0.453104679,1.503979743,0.32513045,1.132348543,-0.169598565
WI_2023_12,9.263195407,0,2,3410,31035,9,6,7.8,3,2,1,0,0,0,100,1,50,20,28,1,0,0,0,0,0,100,0,0,0,3,1,0,0,0,0,0,0,1,-0.380000088,1.462957592,0.12080264,-1.175818885,-0.763893604,-1.706699594,1.266428122,-0.453104679,-1.32654488,1.153340056,1.132348543,-0.169598565
WI_2023_13,12.975,1,2,1200,4200,4,3,12,3,3,1,0,0,100,0,0,1,0,95,0,4,0,0,0,0,100,0,0,0,3,0,0,0,1,0,0,0,1,-0.495212968,-0.777054142,-0.712577954,1.551857612,0.420306798,-1.706699594,1.266428122,-0.453104679,-0.603700978,-1.858377407,1.132348543,-0.169598565
WI_2023_14,28.24616618,1,3,4576,47916,10,8,15,3,3,1,0,0,0,100,40,8,0,0,0,52,36,33,19,0,12,0.21,0,0,3,0,0,1,0,0,0,0,1,-0.316399999,1.462957592,0.12080264,-1.18266259,-1.015087287,0.802132491,-0.214987875,-0.453104679,1.503979743,0.32513045,1.132348543,-0.169598565
WI_2023_15,20.44896774,1,3,2388,27574,12,9,18,3,3,1,0,100,0,0,5,20,0,65,5,5,12,51,35,1,1,0.29,0,0,3,0,0,1,0,0,0,0,1,-0.423102543,-1.215982716,-2.25867528,0.502341088,-0.477793822,2.229617019,0.518935463,-0.453104679,1.503979743,0.32513045,1.132348543,-0.169598565
WI_2023_16,40.76665587,1,3,3209,8030,3,10,7.5,3,3,1,100,0,0,0,40,10,0,35,5,10,0,0,0,100,0,0,0,0,2,1,0,0,0,0,0,0,1,-0.413286463,-1.584929077,1.567322529,-0.468161092,-1.179913032,-1.993101538,1.59851492,-0.453104679,-1.32654488,1.153340056,1.132348543,-0.169598565
WI_2023_17,47.25,1,3,367,1223,3,10,5.5,2,3,1,100,0,0,0,5,5,35,0,0,55,0,0,0,100,0,0,0,0,3,1,0,0,0,0,0,0,1,-0.530813408,-1.584929077,1.567322529,-1.111896792,0.734191981,-1.993101538,1.59851492,-0.453104679,-1.32654488,1.153340056,1.132348543,-0.169598565
WI_2023_18,2.922345649,0,1,118,60999,517,8,7,2,2,0,0,0,0,100,0,100,0,0,0,0,0,0,0,100,0,0,0,0,2,0,0,1,0,0,0,0,1,-0.430873186,1.462957592,0.12080264,-2.471784772,-2.614781692,-1.993101538,1.59851492,-0.453104679,1.503979743,0.32513045,1.132348543,-0.169598565
WI_2023_19,10.67558883,1,2,2039,19722,10,3,2,2,3,0,90,0,0,10,0,0,0,100,0,0,0,0,0,0,100,0,0,0,3,0,1,0,0,0,0,0,1,-0.445325838,-1.28014041,1.42267054,1.67479015,0.457349135,-1.706699594,1.266428122,-0.453104679,-0.219522807,-0.197981389,1.132348543,-0.169598565
WI_2023_20,13.91123909,1,3,4000,155945,39,3,7.5,2,2,1,10,0,0,90,0,1,0,98,0,1,0,0,0,100,0,0,1,1,3,0,0,0,1,0,0,0,1,-0.218919258,1.158168925,0.265454629,1.612957703,0.425047569,-1.993101538,1.59851492,1.621963991,-0.603700978,-1.858377407,1.132348543,-0.169598565
